"";"benchmark";"model_type";"aic";"binary_accuracy";"rmse"
"1";"arithmetic_2da_2_acc";"Flops Only";"-78.5750514717422";"0.213083659310308";"0.158149571671336"
"2";"arithmetic_2da_2_acc";"Flops Only + intercept";"-83.3212387240785";"0.344019573064898";"0.056123455405121"
"3";"arithmetic_2da_2_acc";"Flops Only + intercept-slope";"-85.756457440996";"0.48588794591076";"0.0207457335118611"
"4";"arithmetic_2da_2_acc";"Flops + n-1";"-84.8987324574626";"0.240811429834373";"0.0748772714673962"
"5";"arithmetic_2da_2_acc";"arithmetic_2da_2_acc ~ 1 + log(FLOPs..1E21.) + (1 | Model.Family) + MMLU_minus_1";"-82.6378542772262";"0.272579894660418";"0.0511952453701999"
"6";"arithmetic_2da_2_acc";"arithmetic_2da_2_acc ~ 1 + log(FLOPs..1E21.) + (1 | Model.Family) + ARC.C_minus_1";"-81.6099615878596";"0.352125879731103";"0.0557396246086979"
"7";"arithmetic_2da_2_acc";"arithmetic_2da_2_acc ~ 1 + log(FLOPs..1E21.) + (1 | Model.Family) + HellaSwag_minus_1";"-81.3071802358998";"0.346280945307201";"0.0568282653761064"
"8";"arithmetic_2da_2_acc";"arithmetic_2da_2_acc ~ 1 + log(FLOPs..1E21.) + (1 | Model.Family) + Winograd_minus_1";"-81.766509278657";"0.350416057111942";"0.0564778336700681"
"9";"arithmetic_2da_2_acc";"arithmetic_2da_2_acc ~ 1 + log(FLOPs..1E21.) + (1 | Model.Family) + TruthfulQA_minus_1";"-83.383662124133";"0.337070519015638";"0.0385433528132891"
"10";"arithmetic_2da_2_acc";"arithmetic_2da_2_acc ~ 1 + log(FLOPs..1E21.) + (1 | Model.Family) + GSM8K_minus_1";"-82.0023422368188";"0.381168925219458";"0.0490687216653602"
"11";"arithmetic_2da_2_acc";"arithmetic_2da_2_acc ~ 1 + log(FLOPs..1E21.) + (1 | Model.Family) + XWinograd_minus_1";"-82.4292768730891";"0.344771429454595";"0.0630635250396674"
"12";"arithmetic_2da_2_acc";"arithmetic_2da_2_acc ~ 1 + log(FLOPs..1E21.) + (1 | Model.Family) + HumanEval_minus_1";"-88.0360600168006";"0.49031962926753";"0.0271424866188359"
"13";"arithmetic_2da_2_acc";"arithmetic_2da_2_acc ~ 1 + log(FLOPs..1E21.) + (1 | Model.Family) + PC.1_minus_1";"-83.2049401547866";"0.332396535587753";"0.0511515302342772"
"14";"arithmetic_2da_2_acc";"arithmetic_2da_2_acc ~ 1 + log(FLOPs..1E21.) + (1 | Model.Family) + PC.2_minus_1";"-81.884163506581";"0.377508791602454";"0.0461318564019263"
"15";"arithmetic_2da_2_acc";"arithmetic_2da_2_acc ~ 1 + log(FLOPs..1E21.) + (1 | Model.Family) + PC.3_minus_1";"-86.2184217777776";"0.0551324307216729";"0.0703766865648646"
"16";"arithmetic_2da_2_acc";"arithmetic_2da_2_acc ~ 1 + log(FLOPs..1E21.) + (1 | Model.Family) + PC.4_minus_1";"-81.8133615127923";"0.255562405794408";"0.0493526778852063"
"17";"arithmetic_2da_2_acc";"arithmetic_2da_2_acc ~ 1 + log(FLOPs..1E21.) + (1 | Model.Family) + PC.5_minus_1";"-86.0725859567996";"0.462526608873964";"0.0594017541360467"
"18";"arithmetic_2da_2_acc";"arithmetic_2da_2_acc ~ 1 + log(FLOPs..1E21.) + (1 | Model.Family) + parsinlu_qa_2_acc_minus_1";"-81.3020448949795";"0.340572587460258";"0.0561436202144222"
"19";"arithmetic_2da_2_acc";"arithmetic_2da_2_acc ~ 1 + log(FLOPs..1E21.) + (1 | Model.Family) + word_unscrambling_2_exact_match_minus_1";"-81.8825993794034";"0.33050903571809";"0.035167088949438"
"20";"arithmetic_2da_2_acc";"arithmetic_2da_2_acc ~ 1 + log(FLOPs..1E21.) + (1 | Model.Family) + ipa_transliterate_2_exact_match_minus_1";"-81.3823879269476";"0.269940056913698";"0.0495520973832546"
"21";"arithmetic_2da_2_acc";"arithmetic_2da_2_acc ~ 1 + log(FLOPs..1E21.) + (1 | Model.Family) + arithmetic_3ds_2_acc_minus_1";"-83.1239666072257";"0.331429598901708";"0.0373757431883759"
"22";"arithmetic_2da_2_acc";"arithmetic_2da_2_acc ~ 1 + log(FLOPs..1E21.) + (1 | Model.Family) + arithmetic_3da_2_acc_minus_1";"-83.2387953146422";"0.308412650609801";"0.0380913733840808"
"23";"arithmetic_2da_2_acc";"arithmetic_2da_2_acc ~ 1 + log(FLOPs..1E21.) + (1 | Model.Family) + arithmetic_2dm_2_acc_minus_1";"-84.2826187428139";"0.481294818876302";"0.0395048494860428"
"24";"arithmetic_2da_2_acc";"arithmetic_2da_2_acc ~ 1 + log(FLOPs..1E21.) + (1 | Model.Family) + arithmetic_2da_2_acc_minus_1";"-84.4614559455649";"0.382661582891502";"0.0430460115754381"
"25";"arithmetic_2da_2_acc";"arithmetic_2da_2_acc ~ 1 + log(FLOPs..1E21.) + MMLU_minus_1";"-81.5053675741429";"0.218195444843223";"0.0986556659787466"
"26";"arithmetic_2da_2_acc";"arithmetic_2da_2_acc ~ 1 + log(FLOPs..1E21.) + ARC.C_minus_1";"-77.9018302694847";"0.189401967687655";"0.138915593255841"
"27";"arithmetic_2da_2_acc";"arithmetic_2da_2_acc ~ 1 + log(FLOPs..1E21.) + HellaSwag_minus_1";"-76.685813725886";"0.216784430712174";"0.159725527736496"
"28";"arithmetic_2da_2_acc";"arithmetic_2da_2_acc ~ 1 + log(FLOPs..1E21.) + Winograd_minus_1";"-77.325941556865";"0.173961673215251";"0.15069444854087"
"29";"arithmetic_2da_2_acc";"arithmetic_2da_2_acc ~ 1 + log(FLOPs..1E21.) + TruthfulQA_minus_1";"-79.2310040032848";"0.41913763807301";"0.086771571945474"
"30";"arithmetic_2da_2_acc";"arithmetic_2da_2_acc ~ 1 + log(FLOPs..1E21.) + GSM8K_minus_1";"-80.4166800296017";"0.419422280169938";"0.091437923078761"
"31";"arithmetic_2da_2_acc";"arithmetic_2da_2_acc ~ 1 + log(FLOPs..1E21.) + XWinograd_minus_1";"-77.8720884650004";"0.212798803425572";"0.192035323726839"
"32";"arithmetic_2da_2_acc";"arithmetic_2da_2_acc ~ 1 + log(FLOPs..1E21.) + HumanEval_minus_1";"-89.2582473608822";"0.405665294276421";"0.0482796885200176"
"33";"arithmetic_2da_2_acc";"arithmetic_2da_2_acc ~ 1 + log(FLOPs..1E21.) + PC.1_minus_1";"-81.9881937072819";"0.249096278030086";"0.109743322045952"
"34";"arithmetic_2da_2_acc";"arithmetic_2da_2_acc ~ 1 + log(FLOPs..1E21.) + PC.2_minus_1";"-77.2778152259518";"0.408501124788789";"0.129684066327295"
"35";"arithmetic_2da_2_acc";"arithmetic_2da_2_acc ~ 1 + log(FLOPs..1E21.) + PC.3_minus_1";"-79.545724328897";"0.0341942760757026";"0.27580345203811"
"36";"arithmetic_2da_2_acc";"arithmetic_2da_2_acc ~ 1 + log(FLOPs..1E21.) + PC.4_minus_1";"-76.8562909732008";"0.104554865664935";"0.1509904143445"
"37";"arithmetic_2da_2_acc";"arithmetic_2da_2_acc ~ 1 + log(FLOPs..1E21.) + PC.5_minus_1";"-82.8230365837508";"0.240218271730118";"0.149884637818961"
"38";"arithmetic_2da_2_acc";"arithmetic_2da_2_acc ~ 1 + log(FLOPs..1E21.) + parsinlu_qa_2_acc_minus_1";"-76.9196774954152";"0.417828869705118";"0.142670248567449"
"39";"arithmetic_2da_2_acc";"arithmetic_2da_2_acc ~ 1 + log(FLOPs..1E21.) + word_unscrambling_2_exact_match_minus_1";"-78.5856190566803";"0.210212754243719";"0.065960043296844"
"40";"arithmetic_2da_2_acc";"arithmetic_2da_2_acc ~ 1 + log(FLOPs..1E21.) + ipa_transliterate_2_exact_match_minus_1";"-77.2907290373403";"0.140554027306629";"0.101726546724692"
"41";"arithmetic_2da_2_acc";"arithmetic_2da_2_acc ~ 1 + log(FLOPs..1E21.) + arithmetic_3ds_2_acc_minus_1";"-81.9068326835422";"0.232548029004756";"0.0629771108546973"
"42";"arithmetic_2da_2_acc";"arithmetic_2da_2_acc ~ 1 + log(FLOPs..1E21.) + arithmetic_3da_2_acc_minus_1";"-82.7449025698804";"0.156133177418981";"0.0655397303674334"
"43";"arithmetic_2da_2_acc";"arithmetic_2da_2_acc ~ 1 + log(FLOPs..1E21.) + arithmetic_2dm_2_acc_minus_1";"-85.0033191657646";"0.383090373586294";"0.0635014146853061"
"44";"arithmetic_2da_2_acc";"arithmetic_2da_2_acc ~ 1 + log(FLOPs..1E21.) + arithmetic_2da_2_acc_minus_1";"-84.8914090103497";"0.240837638020646";"0.0749349173656198"
"45";"arithmetic_2dm_2_acc";"Flops Only";"-93.6259476598033";"0.35902135855072";"0.284065688836308"
"46";"arithmetic_2dm_2_acc";"Flops Only + intercept";"-139.385988673234";"0.963923463620448";"0.0585728247087237"
"47";"arithmetic_2dm_2_acc";"Flops Only + intercept-slope";"-139.40692748678";"0.984273584294712";"0.0331321337060169"
"48";"arithmetic_2dm_2_acc";"Flops + n-1";"-116.3961272544";"0.913376112339789";"0.0749085032499976"
"49";"arithmetic_2dm_2_acc";"arithmetic_2dm_2_acc ~ 1 + log(FLOPs..1E21.) + (1 | Model.Family) + MMLU_minus_1";"-138.624845133159";"0.962971039966903";"0.0446046653384527"
"50";"arithmetic_2dm_2_acc";"arithmetic_2dm_2_acc ~ 1 + log(FLOPs..1E21.) + (1 | Model.Family) + ARC.C_minus_1";"-137.440259425823";"0.960103610599338";"0.0627214827164337"
"51";"arithmetic_2dm_2_acc";"arithmetic_2dm_2_acc ~ 1 + log(FLOPs..1E21.) + (1 | Model.Family) + HellaSwag_minus_1";"-137.363345140021";"0.962355879683117";"0.0590052903185483"
"52";"arithmetic_2dm_2_acc";"arithmetic_2dm_2_acc ~ 1 + log(FLOPs..1E21.) + (1 | Model.Family) + Winograd_minus_1";"-137.621163570706";"0.957572116761553";"0.0631726594299495"
"53";"arithmetic_2dm_2_acc";"arithmetic_2dm_2_acc ~ 1 + log(FLOPs..1E21.) + (1 | Model.Family) + TruthfulQA_minus_1";"-138.027422362657";"0.974270340781157";"0.0404436571612556"
"54";"arithmetic_2dm_2_acc";"arithmetic_2dm_2_acc ~ 1 + log(FLOPs..1E21.) + (1 | Model.Family) + GSM8K_minus_1";"-141.627137761004";"0.974662443072222";"0.035993776077241"
"55";"arithmetic_2dm_2_acc";"arithmetic_2dm_2_acc ~ 1 + log(FLOPs..1E21.) + (1 | Model.Family) + XWinograd_minus_1";"-137.541830347919";"0.961568430675752";"0.0625546997606963"
"56";"arithmetic_2dm_2_acc";"arithmetic_2dm_2_acc ~ 1 + log(FLOPs..1E21.) + (1 | Model.Family) + HumanEval_minus_1";"-140.515273542391";"0.973216291592455";"0.0422841306278524"
"57";"arithmetic_2dm_2_acc";"arithmetic_2dm_2_acc ~ 1 + log(FLOPs..1E21.) + (1 | Model.Family) + PC.1_minus_1";"-139.740026460657";"0.980392601333628";"0.0331525495751666"
"58";"arithmetic_2dm_2_acc";"arithmetic_2dm_2_acc ~ 1 + log(FLOPs..1E21.) + (1 | Model.Family) + PC.2_minus_1";"-139.267712575206";"0.960357072487919";"0.049416398622827"
"59";"arithmetic_2dm_2_acc";"arithmetic_2dm_2_acc ~ 1 + log(FLOPs..1E21.) + (1 | Model.Family) + PC.3_minus_1";"-137.352268872337";"0.963841451227259";"0.0588007882716438"
"60";"arithmetic_2dm_2_acc";"arithmetic_2dm_2_acc ~ 1 + log(FLOPs..1E21.) + (1 | Model.Family) + PC.4_minus_1";"-137.806476334511";"0.973555140750839";"0.0593593498157551"
"61";"arithmetic_2dm_2_acc";"arithmetic_2dm_2_acc ~ 1 + log(FLOPs..1E21.) + (1 | Model.Family) + PC.5_minus_1";"-137.620392557592";"0.963238944879733";"0.0610698975796572"
"62";"arithmetic_2dm_2_acc";"arithmetic_2dm_2_acc ~ 1 + log(FLOPs..1E21.) + (1 | Model.Family) + parsinlu_qa_2_acc_minus_1";"-138.24019010836";"0.95384539965352";"0.0470299732845825"
"63";"arithmetic_2dm_2_acc";"arithmetic_2dm_2_acc ~ 1 + log(FLOPs..1E21.) + (1 | Model.Family) + word_unscrambling_2_exact_match_minus_1";"-137.489242882768";"0.958372185391368";"0.0810128666065549"
"64";"arithmetic_2dm_2_acc";"arithmetic_2dm_2_acc ~ 1 + log(FLOPs..1E21.) + (1 | Model.Family) + ipa_transliterate_2_exact_match_minus_1";"-137.524310017501";"0.971124233349415";"0.0847103860531012"
"65";"arithmetic_2dm_2_acc";"arithmetic_2dm_2_acc ~ 1 + log(FLOPs..1E21.) + (1 | Model.Family) + arithmetic_3ds_2_acc_minus_1";"-139.048975094942";"0.970898761254719";"0.0511688071605561"
"66";"arithmetic_2dm_2_acc";"arithmetic_2dm_2_acc ~ 1 + log(FLOPs..1E21.) + (1 | Model.Family) + arithmetic_3da_2_acc_minus_1";"-139.343639467801";"0.969558867237888";"0.0567287343632892"
"67";"arithmetic_2dm_2_acc";"arithmetic_2dm_2_acc ~ 1 + log(FLOPs..1E21.) + (1 | Model.Family) + arithmetic_2dm_2_acc_minus_1";"-139.932583698142";"0.98114683996385";"0.0366322979316141"
"68";"arithmetic_2dm_2_acc";"arithmetic_2dm_2_acc ~ 1 + log(FLOPs..1E21.) + (1 | Model.Family) + arithmetic_2da_2_acc_minus_1";"-139.212883755104";"0.9629475431413";"0.0641231876149955"
"69";"arithmetic_2dm_2_acc";"arithmetic_2dm_2_acc ~ 1 + log(FLOPs..1E21.) + MMLU_minus_1";"-105.898422517725";"0.764185705908246";"0.104420872579633"
"70";"arithmetic_2dm_2_acc";"arithmetic_2dm_2_acc ~ 1 + log(FLOPs..1E21.) + ARC.C_minus_1";"-95.5232269073776";"0.435994489563236";"0.221807226989508"
"71";"arithmetic_2dm_2_acc";"arithmetic_2dm_2_acc ~ 1 + log(FLOPs..1E21.) + HellaSwag_minus_1";"-92.7566890219093";"0.429728494549503";"0.281222673863589"
"72";"arithmetic_2dm_2_acc";"arithmetic_2dm_2_acc ~ 1 + log(FLOPs..1E21.) + Winograd_minus_1";"-94.4470673595952";"0.389898937173901";"0.254381150817679"
"73";"arithmetic_2dm_2_acc";"arithmetic_2dm_2_acc ~ 1 + log(FLOPs..1E21.) + TruthfulQA_minus_1";"-93.3262474637177";"0.704012274415687";"0.15298053977259"
"74";"arithmetic_2dm_2_acc";"arithmetic_2dm_2_acc ~ 1 + log(FLOPs..1E21.) + GSM8K_minus_1";"-110.654939644912";"0.896572942165775";"0.0770298860831821"
"75";"arithmetic_2dm_2_acc";"arithmetic_2dm_2_acc ~ 1 + log(FLOPs..1E21.) + XWinograd_minus_1";"-93.716746281298";"0.227816551878957";"0.338926531804881"
"76";"arithmetic_2dm_2_acc";"arithmetic_2dm_2_acc ~ 1 + log(FLOPs..1E21.) + HumanEval_minus_1";"-107.372609160291";"0.676562142116335";"0.109982428233342"
"77";"arithmetic_2dm_2_acc";"arithmetic_2dm_2_acc ~ 1 + log(FLOPs..1E21.) + PC.1_minus_1";"-108.778455418641";"0.840048677307671";"0.0878356189520968"
"78";"arithmetic_2dm_2_acc";"arithmetic_2dm_2_acc ~ 1 + log(FLOPs..1E21.) + PC.2_minus_1";"-92.2428711787166";"0.47406608408353";"0.239076083691071"
"79";"arithmetic_2dm_2_acc";"arithmetic_2dm_2_acc ~ 1 + log(FLOPs..1E21.) + PC.3_minus_1";"-92.1333973581833";"0.070093063152535";"0.354977382765023"
"80";"arithmetic_2dm_2_acc";"arithmetic_2dm_2_acc ~ 1 + log(FLOPs..1E21.) + PC.4_minus_1";"-91.7889695324485";"0.433105720498739";"0.289176862909524"
"81";"arithmetic_2dm_2_acc";"arithmetic_2dm_2_acc ~ 1 + log(FLOPs..1E21.) + PC.5_minus_1";"-101.772306104632";"0.29754264363781";"0.292452025023516"
"82";"arithmetic_2dm_2_acc";"arithmetic_2dm_2_acc ~ 1 + log(FLOPs..1E21.) + parsinlu_qa_2_acc_minus_1";"-93.064082971665";"0.668144759992579";"0.175161094341105"
"83";"arithmetic_2dm_2_acc";"arithmetic_2dm_2_acc ~ 1 + log(FLOPs..1E21.) + word_unscrambling_2_exact_match_minus_1";"-93.8030590722436";"0.505826900931525";"0.142775790811675"
"84";"arithmetic_2dm_2_acc";"arithmetic_2dm_2_acc ~ 1 + log(FLOPs..1E21.) + ipa_transliterate_2_exact_match_minus_1";"-92.26578074991";"0.468661053593439";"0.168853618219541"
"85";"arithmetic_2dm_2_acc";"arithmetic_2dm_2_acc ~ 1 + log(FLOPs..1E21.) + arithmetic_3ds_2_acc_minus_1";"-101.894715153394";"0.669665196887377";"0.128381878355275"
"86";"arithmetic_2dm_2_acc";"arithmetic_2dm_2_acc ~ 1 + log(FLOPs..1E21.) + arithmetic_3da_2_acc_minus_1";"-105.344438365669";"0.528687041490899";"0.1608036128775"
"87";"arithmetic_2dm_2_acc";"arithmetic_2dm_2_acc ~ 1 + log(FLOPs..1E21.) + arithmetic_2dm_2_acc_minus_1";"-116.391356153708";"0.913388283207391";"0.0748909401854461"
"88";"arithmetic_2dm_2_acc";"arithmetic_2dm_2_acc ~ 1 + log(FLOPs..1E21.) + arithmetic_2da_2_acc_minus_1";"-108.538095123467";"0.411076544845596";"0.209934711738248"
"89";"arithmetic_3da_2_acc";"Flops Only";"-168.707194412909";"0.231605426360757";"0.356502164115968"
"90";"arithmetic_3da_2_acc";"Flops Only + intercept";"-173.82849508751";"0.70005998857294";"0.148674615707575"
"91";"arithmetic_3da_2_acc";"Flops Only + intercept-slope";NA;NA;NA
"92";"arithmetic_3da_2_acc";"Flops + n-1";"-183.225805604542";"0.8468097765757";"0.0786818122960202"
"93";"arithmetic_3da_2_acc";"arithmetic_3da_2_acc ~ 1 + log(FLOPs..1E21.) + (1 | Model.Family) + MMLU_minus_1";"-176.702497092888";"0.615739619598998";"0.184991963837126"
"94";"arithmetic_3da_2_acc";"arithmetic_3da_2_acc ~ 1 + log(FLOPs..1E21.) + (1 | Model.Family) + ARC.C_minus_1";"-171.834371352563";"0.707732765422707";"0.148939057321222"
"95";"arithmetic_3da_2_acc";"arithmetic_3da_2_acc ~ 1 + log(FLOPs..1E21.) + (1 | Model.Family) + HellaSwag_minus_1";"-173.084347281246";"0.74205827411615";"0.121971915893194"
"96";"arithmetic_3da_2_acc";"arithmetic_3da_2_acc ~ 1 + log(FLOPs..1E21.) + (1 | Model.Family) + Winograd_minus_1";"-171.910856657497";"0.727121794401951";"0.14866015814571"
"97";"arithmetic_3da_2_acc";"arithmetic_3da_2_acc ~ 1 + log(FLOPs..1E21.) + (1 | Model.Family) + TruthfulQA_minus_1";"-179.043549545451";"0.712221203984371";"0.0883237532066372"
"98";"arithmetic_3da_2_acc";"arithmetic_3da_2_acc ~ 1 + log(FLOPs..1E21.) + (1 | Model.Family) + GSM8K_minus_1";"-174.213738936951";"0.724246279420057";"0.130016585179159"
"99";"arithmetic_3da_2_acc";"arithmetic_3da_2_acc ~ 1 + log(FLOPs..1E21.) + (1 | Model.Family) + XWinograd_minus_1";"-173.823970611085";"0.830992898675558";"0.163146083274945"
"100";"arithmetic_3da_2_acc";"arithmetic_3da_2_acc ~ 1 + log(FLOPs..1E21.) + (1 | Model.Family) + HumanEval_minus_1";"-187.056665787842";"0.809128035833928";"0.0766600814253857"
"101";"arithmetic_3da_2_acc";"arithmetic_3da_2_acc ~ 1 + log(FLOPs..1E21.) + (1 | Model.Family) + PC.1_minus_1";"-173.963096135647";"0.584270323406908";"0.140489937071376"
"102";"arithmetic_3da_2_acc";"arithmetic_3da_2_acc ~ 1 + log(FLOPs..1E21.) + (1 | Model.Family) + PC.2_minus_1";"-176.756517713389";"0.81992079804096";"0.0983934856400278"
"103";"arithmetic_3da_2_acc";"arithmetic_3da_2_acc ~ 1 + log(FLOPs..1E21.) + (1 | Model.Family) + PC.3_minus_1";"-176.147472599788";"0.358905035929837";"0.131047828889311"
"104";"arithmetic_3da_2_acc";"arithmetic_3da_2_acc ~ 1 + log(FLOPs..1E21.) + (1 | Model.Family) + PC.4_minus_1";"-174.430337857574";"0.605637272077401";"0.106298261981216"
"105";"arithmetic_3da_2_acc";"arithmetic_3da_2_acc ~ 1 + log(FLOPs..1E21.) + (1 | Model.Family) + PC.5_minus_1";"-175.958144556864";"0.898209845069487";"0.151066205105857"
"106";"arithmetic_3da_2_acc";"arithmetic_3da_2_acc ~ 1 + log(FLOPs..1E21.) + (1 | Model.Family) + parsinlu_qa_2_acc_minus_1";"-171.949409690992";"0.671680308531093";"0.149022274706559"
"107";"arithmetic_3da_2_acc";"arithmetic_3da_2_acc ~ 1 + log(FLOPs..1E21.) + (1 | Model.Family) + word_unscrambling_2_exact_match_minus_1";"-173.030747759232";"0.339091916692939";"0.0810429825417577"
"108";"arithmetic_3da_2_acc";"arithmetic_3da_2_acc ~ 1 + log(FLOPs..1E21.) + (1 | Model.Family) + ipa_transliterate_2_exact_match_minus_1";"-172.099078443869";"0.662012573983723";"0.136190745348251"
"109";"arithmetic_3da_2_acc";"arithmetic_3da_2_acc ~ 1 + log(FLOPs..1E21.) + (1 | Model.Family) + arithmetic_3ds_2_acc_minus_1";"-176.353359316322";"0.410516813666742";"0.0748968705664844"
"110";"arithmetic_3da_2_acc";"arithmetic_3da_2_acc ~ 1 + log(FLOPs..1E21.) + (1 | Model.Family) + arithmetic_3da_2_acc_minus_1";"-181.220170879962";"0.846878455583639";"0.0788361290056847"
"111";"arithmetic_3da_2_acc";"arithmetic_3da_2_acc ~ 1 + log(FLOPs..1E21.) + (1 | Model.Family) + arithmetic_2dm_2_acc_minus_1";"-180.057849025299";"0.460807678045283";"0.114361573597414"
"112";"arithmetic_3da_2_acc";"arithmetic_3da_2_acc ~ 1 + log(FLOPs..1E21.) + (1 | Model.Family) + arithmetic_2da_2_acc_minus_1";"-179.785512200042";"0.639767604022685";"0.0744100094351636"
"113";"arithmetic_3da_2_acc";"arithmetic_3da_2_acc ~ 1 + log(FLOPs..1E21.) + MMLU_minus_1";"-178.703414234147";"0.615832341553309";"0.185198328601585"
"114";"arithmetic_3da_2_acc";"arithmetic_3da_2_acc ~ 1 + log(FLOPs..1E21.) + ARC.C_minus_1";"-168.055525398843";"0.26233287383066";"0.295498621073205"
"115";"arithmetic_3da_2_acc";"arithmetic_3da_2_acc ~ 1 + log(FLOPs..1E21.) + HellaSwag_minus_1";"-166.703045840624";"0.231413553985118";"0.357334397273546"
"116";"arithmetic_3da_2_acc";"arithmetic_3da_2_acc ~ 1 + log(FLOPs..1E21.) + Winograd_minus_1";"-167.239074894012";"0.20827731152955";"0.333544186092872"
"117";"arithmetic_3da_2_acc";"arithmetic_3da_2_acc ~ 1 + log(FLOPs..1E21.) + TruthfulQA_minus_1";"-170.16250185179";"0.666943112856786";"0.176265054322244"
"118";"arithmetic_3da_2_acc";"arithmetic_3da_2_acc ~ 1 + log(FLOPs..1E21.) + GSM8K_minus_1";"-174.837167389653";"0.705852321037617";"0.164695510102023"
"119";"arithmetic_3da_2_acc";"arithmetic_3da_2_acc ~ 1 + log(FLOPs..1E21.) + XWinograd_minus_1";"-166.951581689826";"0.200744294244942";"0.387132474968118"
"120";"arithmetic_3da_2_acc";"arithmetic_3da_2_acc ~ 1 + log(FLOPs..1E21.) + HumanEval_minus_1";"-188.565655242181";"0.897673425298418";"0.0936325305683623"
"121";"arithmetic_3da_2_acc";"arithmetic_3da_2_acc ~ 1 + log(FLOPs..1E21.) + PC.1_minus_1";"-175.11583454564";"0.422348783303292";"0.1933053296902"
"122";"arithmetic_3da_2_acc";"arithmetic_3da_2_acc ~ 1 + log(FLOPs..1E21.) + PC.2_minus_1";"-168.378237066586";"0.533876842858404";"0.263488535206974"
"123";"arithmetic_3da_2_acc";"arithmetic_3da_2_acc ~ 1 + log(FLOPs..1E21.) + PC.3_minus_1";"-168.505414434858";"0.391546448297024";"0.527209089393717"
"124";"arithmetic_3da_2_acc";"arithmetic_3da_2_acc ~ 1 + log(FLOPs..1E21.) + PC.4_minus_1";"-168.028174940723";"0.143477592688265";"0.313332545033125"
"125";"arithmetic_3da_2_acc";"arithmetic_3da_2_acc ~ 1 + log(FLOPs..1E21.) + PC.5_minus_1";"-169.263718152036";"0.233779519861667";"0.354114204841442"
"126";"arithmetic_3da_2_acc";"arithmetic_3da_2_acc ~ 1 + log(FLOPs..1E21.) + parsinlu_qa_2_acc_minus_1";"-168.096806329136";"0.504540003200864";"0.281540014793582"
"127";"arithmetic_3da_2_acc";"arithmetic_3da_2_acc ~ 1 + log(FLOPs..1E21.) + word_unscrambling_2_exact_match_minus_1";"-171.107370245907";"0.117195799078257";"0.115611413440809"
"128";"arithmetic_3da_2_acc";"arithmetic_3da_2_acc ~ 1 + log(FLOPs..1E21.) + ipa_transliterate_2_exact_match_minus_1";"-169.482309740918";"0.471562327580626";"0.173698854588369"
"129";"arithmetic_3da_2_acc";"arithmetic_3da_2_acc ~ 1 + log(FLOPs..1E21.) + arithmetic_3ds_2_acc_minus_1";"-178.714300504995";"0.178438777893514";"0.0952411330912063"
"130";"arithmetic_3da_2_acc";"arithmetic_3da_2_acc ~ 1 + log(FLOPs..1E21.) + arithmetic_3da_2_acc_minus_1";"-183.221404985734";"0.846782837325473";"0.0787359929744023"
"131";"arithmetic_3da_2_acc";"arithmetic_3da_2_acc ~ 1 + log(FLOPs..1E21.) + arithmetic_2dm_2_acc_minus_1";"-182.058465446664";"0.460812864034547";"0.114410887449409"
"132";"arithmetic_3da_2_acc";"arithmetic_3da_2_acc ~ 1 + log(FLOPs..1E21.) + arithmetic_2da_2_acc_minus_1";"-181.907145437122";"0.251630395705046";"0.14823215146363"
"133";"arithmetic_3ds_2_acc";"Flops Only";"-143.352371012047";"0.335774537320478";"0.353391392023902"
"134";"arithmetic_3ds_2_acc";"Flops Only + intercept";"-148.997826612591";"0.721418260612527";"0.138686359174142"
"135";"arithmetic_3ds_2_acc";"Flops Only + intercept-slope";"-164.618544951317";"0.895094842392259";"0.044756683853748"
"136";"arithmetic_3ds_2_acc";"Flops + n-1";"-157.526796044662";"0.878254483141562";"0.0578696853784101"
"137";"arithmetic_3ds_2_acc";"arithmetic_3ds_2_acc ~ 1 + log(FLOPs..1E21.) + (1 | Model.Family) + MMLU_minus_1";"-155.34018546807";"0.573228302811181";"0.134777640826024"
"138";"arithmetic_3ds_2_acc";"arithmetic_3ds_2_acc ~ 1 + log(FLOPs..1E21.) + (1 | Model.Family) + ARC.C_minus_1";"-147.220055865679";"0.758538324672901";"0.137733962603734"
"139";"arithmetic_3ds_2_acc";"arithmetic_3ds_2_acc ~ 1 + log(FLOPs..1E21.) + (1 | Model.Family) + HellaSwag_minus_1";"-147.091587572227";"0.694009146318966";"0.133081552691875"
"140";"arithmetic_3ds_2_acc";"arithmetic_3ds_2_acc ~ 1 + log(FLOPs..1E21.) + (1 | Model.Family) + Winograd_minus_1";"-147.08508763405";"0.761710508345094";"0.138691769136429"
"141";"arithmetic_3ds_2_acc";"arithmetic_3ds_2_acc ~ 1 + log(FLOPs..1E21.) + (1 | Model.Family) + TruthfulQA_minus_1";"-150.405301850903";"0.750891774219804";"0.0929219926663055"
"142";"arithmetic_3ds_2_acc";"arithmetic_3ds_2_acc ~ 1 + log(FLOPs..1E21.) + (1 | Model.Family) + GSM8K_minus_1";"-154.401127451463";"0.65561088578659";"0.106877883248959"
"143";"arithmetic_3ds_2_acc";"arithmetic_3ds_2_acc ~ 1 + log(FLOPs..1E21.) + (1 | Model.Family) + XWinograd_minus_1";"-147.496728292248";"0.613066211964267";"0.147991244332762"
"144";"arithmetic_3ds_2_acc";"arithmetic_3ds_2_acc ~ 1 + log(FLOPs..1E21.) + (1 | Model.Family) + HumanEval_minus_1";"-157.254104934185";"0.0631085940523529";"0.130376825109007"
"145";"arithmetic_3ds_2_acc";"arithmetic_3ds_2_acc ~ 1 + log(FLOPs..1E21.) + (1 | Model.Family) + PC.1_minus_1";"-154.137963470691";"0.793764706768913";"0.13011527870667"
"146";"arithmetic_3ds_2_acc";"arithmetic_3ds_2_acc ~ 1 + log(FLOPs..1E21.) + (1 | Model.Family) + PC.2_minus_1";"-150.38235779025";"0.634285080800673";"0.0900867290562787"
"147";"arithmetic_3ds_2_acc";"arithmetic_3ds_2_acc ~ 1 + log(FLOPs..1E21.) + (1 | Model.Family) + PC.3_minus_1";"-147.491301719696";"0.717762052334544";"0.13972231702825"
"148";"arithmetic_3ds_2_acc";"arithmetic_3ds_2_acc ~ 1 + log(FLOPs..1E21.) + (1 | Model.Family) + PC.4_minus_1";"-147.424208923995";"0.697920696014183";"0.127786759890308"
"149";"arithmetic_3ds_2_acc";"arithmetic_3ds_2_acc ~ 1 + log(FLOPs..1E21.) + (1 | Model.Family) + PC.5_minus_1";"-149.669537445782";"0.56699037388233";"0.150424988235077"
"150";"arithmetic_3ds_2_acc";"arithmetic_3ds_2_acc ~ 1 + log(FLOPs..1E21.) + (1 | Model.Family) + parsinlu_qa_2_acc_minus_1";"-148.048960848946";"0.784698035839639";"0.14653641143389"
"151";"arithmetic_3ds_2_acc";"arithmetic_3ds_2_acc ~ 1 + log(FLOPs..1E21.) + (1 | Model.Family) + word_unscrambling_2_exact_match_minus_1";"-148.517924026424";"0.890528878225442";"0.0673400063901636"
"152";"arithmetic_3ds_2_acc";"arithmetic_3ds_2_acc ~ 1 + log(FLOPs..1E21.) + (1 | Model.Family) + ipa_transliterate_2_exact_match_minus_1";"-147.769837288179";"0.662068823321848";"0.116398886531419"
"153";"arithmetic_3ds_2_acc";"arithmetic_3ds_2_acc ~ 1 + log(FLOPs..1E21.) + (1 | Model.Family) + arithmetic_3ds_2_acc_minus_1";"-155.624073695391";"0.896940320779088";"0.0545400035881715"
"154";"arithmetic_3ds_2_acc";"arithmetic_3ds_2_acc ~ 1 + log(FLOPs..1E21.) + (1 | Model.Family) + arithmetic_3da_2_acc_minus_1";"-156.649153693293";"0.121908579836392";"0.1059936341463"
"155";"arithmetic_3ds_2_acc";"arithmetic_3ds_2_acc ~ 1 + log(FLOPs..1E21.) + (1 | Model.Family) + arithmetic_2dm_2_acc_minus_1";"-158.852317830744";"0.805041694915971";"0.0958127336767455"
"156";"arithmetic_3ds_2_acc";"arithmetic_3ds_2_acc ~ 1 + log(FLOPs..1E21.) + (1 | Model.Family) + arithmetic_2da_2_acc_minus_1";"-154.373640541417";"0.782786081953572";"0.102299478384247"
"157";"arithmetic_3ds_2_acc";"arithmetic_3ds_2_acc ~ 1 + log(FLOPs..1E21.) + MMLU_minus_1";"-156.170867726761";"0.489880052365233";"0.178141182673422"
"158";"arithmetic_3ds_2_acc";"arithmetic_3ds_2_acc ~ 1 + log(FLOPs..1E21.) + ARC.C_minus_1";"-144.053988889098";"0.593199092355436";"0.269692633769012"
"159";"arithmetic_3ds_2_acc";"arithmetic_3ds_2_acc ~ 1 + log(FLOPs..1E21.) + HellaSwag_minus_1";"-141.590489021867";"0.458676619994842";"0.353591388196384"
"160";"arithmetic_3ds_2_acc";"arithmetic_3ds_2_acc ~ 1 + log(FLOPs..1E21.) + Winograd_minus_1";"-142.634540688389";"0.522395087188406";"0.315789541029009"
"161";"arithmetic_3ds_2_acc";"arithmetic_3ds_2_acc ~ 1 + log(FLOPs..1E21.) + TruthfulQA_minus_1";"-144.172182182214";"0.425147164453952";"0.186980588059831"
"162";"arithmetic_3ds_2_acc";"arithmetic_3ds_2_acc ~ 1 + log(FLOPs..1E21.) + GSM8K_minus_1";"-152.135506008004";"0.576451383281754";"0.15613238207061"
"163";"arithmetic_3ds_2_acc";"arithmetic_3ds_2_acc ~ 1 + log(FLOPs..1E21.) + XWinograd_minus_1";"-141.773703161939";"0.173872979186382";"0.394405982749823"
"164";"arithmetic_3ds_2_acc";"arithmetic_3ds_2_acc ~ 1 + log(FLOPs..1E21.) + HumanEval_minus_1";"-159.254683626578";"0.0631981113474639";"0.130433787282821"
"165";"arithmetic_3ds_2_acc";"arithmetic_3ds_2_acc ~ 1 + log(FLOPs..1E21.) + PC.1_minus_1";"-154.392941400927";"0.779967177344924";"0.170637583798391"
"166";"arithmetic_3ds_2_acc";"arithmetic_3ds_2_acc ~ 1 + log(FLOPs..1E21.) + PC.2_minus_1";"-142.336943978005";"0.273789902301641";"0.285007279912655"
"167";"arithmetic_3ds_2_acc";"arithmetic_3ds_2_acc ~ 1 + log(FLOPs..1E21.) + PC.3_minus_1";"-142.950313611724";"0.0700354290472165";"0.505616885528303"
"168";"arithmetic_3ds_2_acc";"arithmetic_3ds_2_acc ~ 1 + log(FLOPs..1E21.) + PC.4_minus_1";"-141.923294055844";"0.186644077423495";"0.326400252070621"
"169";"arithmetic_3ds_2_acc";"arithmetic_3ds_2_acc ~ 1 + log(FLOPs..1E21.) + PC.5_minus_1";"-145.714449511457";"0.281778125712689";"0.349430166751034"
"170";"arithmetic_3ds_2_acc";"arithmetic_3ds_2_acc ~ 1 + log(FLOPs..1E21.) + parsinlu_qa_2_acc_minus_1";"-143.06629603202";"0.556036670238445";"0.269916992963156"
"171";"arithmetic_3ds_2_acc";"arithmetic_3ds_2_acc ~ 1 + log(FLOPs..1E21.) + word_unscrambling_2_exact_match_minus_1";"-146.606610738378";"0.841145414959635";"0.0742028708963121"
"172";"arithmetic_3ds_2_acc";"arithmetic_3ds_2_acc ~ 1 + log(FLOPs..1E21.) + ipa_transliterate_2_exact_match_minus_1";"-144.748671706512";"0.482453247279534";"0.162068196798583"
"173";"arithmetic_3ds_2_acc";"arithmetic_3ds_2_acc ~ 1 + log(FLOPs..1E21.) + arithmetic_3ds_2_acc_minus_1";"-157.521091326697";"0.878230366857788";"0.0579014916592826"
"174";"arithmetic_3ds_2_acc";"arithmetic_3ds_2_acc ~ 1 + log(FLOPs..1E21.) + arithmetic_3da_2_acc_minus_1";"-158.638746464934";"0.103371681090907";"0.110381474549546"
"175";"arithmetic_3ds_2_acc";"arithmetic_3ds_2_acc ~ 1 + log(FLOPs..1E21.) + arithmetic_2dm_2_acc_minus_1";"-160.852507692923";"0.804980910514646";"0.0958904932153234"
"176";"arithmetic_3ds_2_acc";"arithmetic_3ds_2_acc ~ 1 + log(FLOPs..1E21.) + arithmetic_2da_2_acc_minus_1";"-156.512363052294";"0.48163202644042";"0.165611043993164"
"177";"ipa_transliterate_2_exact_match";"Flops Only";"-342.192692128868";"0.249554660246058";"0.155408389025223"
"178";"ipa_transliterate_2_exact_match";"Flops Only + intercept";"-358.506609349952";"0.420848759722267";"0.116197785299457"
"179";"ipa_transliterate_2_exact_match";"Flops Only + intercept-slope";NA;NA;NA
"180";"ipa_transliterate_2_exact_match";"Flops + n-1";"-364.4964912752";"0.173148266836817";"0.59686275057117"
"181";"ipa_transliterate_2_exact_match";"ipa_transliterate_2_exact_match ~ 1 + log(FLOPs..1E21.) + (1 | Model.Family) + MMLU_minus_1";"-377.062553669313";"0.365311910604085";"0.117741316871258"
"182";"ipa_transliterate_2_exact_match";"ipa_transliterate_2_exact_match ~ 1 + log(FLOPs..1E21.) + (1 | Model.Family) + ARC.C_minus_1";"-365.043416400941";"0.36886510833804";"0.100417283859444"
"183";"ipa_transliterate_2_exact_match";"ipa_transliterate_2_exact_match ~ 1 + log(FLOPs..1E21.) + (1 | Model.Family) + HellaSwag_minus_1";"-356.636893579055";"0.414095839397175";"0.119041884088204"
"184";"ipa_transliterate_2_exact_match";"ipa_transliterate_2_exact_match ~ 1 + log(FLOPs..1E21.) + (1 | Model.Family) + Winograd_minus_1";"-359.132021164858";"0.331561476886997";"0.116856273705317"
"185";"ipa_transliterate_2_exact_match";"ipa_transliterate_2_exact_match ~ 1 + log(FLOPs..1E21.) + (1 | Model.Family) + TruthfulQA_minus_1";"-364.859412458498";"0.171642829478663";"0.156811145359737"
"186";"ipa_transliterate_2_exact_match";"ipa_transliterate_2_exact_match ~ 1 + log(FLOPs..1E21.) + (1 | Model.Family) + GSM8K_minus_1";"-409.065227479416";"0.285759915797461";"0.42449306557546"
"187";"ipa_transliterate_2_exact_match";"ipa_transliterate_2_exact_match ~ 1 + log(FLOPs..1E21.) + (1 | Model.Family) + XWinograd_minus_1";"-362.792139784439";"0.439522259739618";"0.100690562342729"
"188";"ipa_transliterate_2_exact_match";"ipa_transliterate_2_exact_match ~ 1 + log(FLOPs..1E21.) + (1 | Model.Family) + HumanEval_minus_1";"-371.582469785204";"0.371936475745597";"0.0995503678824031"
"189";"ipa_transliterate_2_exact_match";"ipa_transliterate_2_exact_match ~ 1 + log(FLOPs..1E21.) + (1 | Model.Family) + PC.1_minus_1";"-387.688525765275";"0.190359123777596";"0.222340123649758"
"190";"ipa_transliterate_2_exact_match";"ipa_transliterate_2_exact_match ~ 1 + log(FLOPs..1E21.) + (1 | Model.Family) + PC.2_minus_1";"-362.636897081048";"0.473994498262977";"0.130021089367865"
"191";"ipa_transliterate_2_exact_match";"ipa_transliterate_2_exact_match ~ 1 + log(FLOPs..1E21.) + (1 | Model.Family) + PC.3_minus_1";"-357.637538869795";"0.397724722594841";"0.100918719831547"
"192";"ipa_transliterate_2_exact_match";"ipa_transliterate_2_exact_match ~ 1 + log(FLOPs..1E21.) + (1 | Model.Family) + PC.4_minus_1";"-360.954738360566";"0.35844428824984";"0.112017245385124"
"193";"ipa_transliterate_2_exact_match";"ipa_transliterate_2_exact_match ~ 1 + log(FLOPs..1E21.) + (1 | Model.Family) + PC.5_minus_1";"-356.65226613443";"0.438571353671217";"0.112661604047021"
"194";"ipa_transliterate_2_exact_match";"ipa_transliterate_2_exact_match ~ 1 + log(FLOPs..1E21.) + (1 | Model.Family) + parsinlu_qa_2_acc_minus_1";"-365.01377082198";"0.0770403544662323";"0.32311511784753"
"195";"ipa_transliterate_2_exact_match";"ipa_transliterate_2_exact_match ~ 1 + log(FLOPs..1E21.) + (1 | Model.Family) + word_unscrambling_2_exact_match_minus_1";"-365.585020754027";"0.169032285912779";"0.291218084137588"
"196";"ipa_transliterate_2_exact_match";"ipa_transliterate_2_exact_match ~ 1 + log(FLOPs..1E21.) + (1 | Model.Family) + ipa_transliterate_2_exact_match_minus_1";"-365.788631857953";"0.0555036993994132";"0.361919432045609"
"197";"ipa_transliterate_2_exact_match";"ipa_transliterate_2_exact_match ~ 1 + log(FLOPs..1E21.) + (1 | Model.Family) + arithmetic_3ds_2_acc_minus_1";"-378.997850558327";"0.435004594455066";"0.0947460676043837"
"198";"ipa_transliterate_2_exact_match";"ipa_transliterate_2_exact_match ~ 1 + log(FLOPs..1E21.) + (1 | Model.Family) + arithmetic_3da_2_acc_minus_1";"-375.926784644098";"0.409925790147596";"0.11062717680999"
"199";"ipa_transliterate_2_exact_match";"ipa_transliterate_2_exact_match ~ 1 + log(FLOPs..1E21.) + (1 | Model.Family) + arithmetic_2dm_2_acc_minus_1";"-395.698131409369";"0.357366349948712";"0.129941482568832"
"200";"ipa_transliterate_2_exact_match";"ipa_transliterate_2_exact_match ~ 1 + log(FLOPs..1E21.) + (1 | Model.Family) + arithmetic_2da_2_acc_minus_1";"-368.806040815827";"0.376471822802107";"0.123948286870182"
"201";"ipa_transliterate_2_exact_match";"ipa_transliterate_2_exact_match ~ 1 + log(FLOPs..1E21.) + MMLU_minus_1";"-365.548066616093";"0.0785877003289252";"0.279654393698944"
"202";"ipa_transliterate_2_exact_match";"ipa_transliterate_2_exact_match ~ 1 + log(FLOPs..1E21.) + ARC.C_minus_1";"-355.267254306855";"0.223553507494802";"0.113893416998751"
"203";"ipa_transliterate_2_exact_match";"ipa_transliterate_2_exact_match ~ 1 + log(FLOPs..1E21.) + HellaSwag_minus_1";"-341.933087413789";"0.265023236655227";"0.154333602798463"
"204";"ipa_transliterate_2_exact_match";"ipa_transliterate_2_exact_match ~ 1 + log(FLOPs..1E21.) + Winograd_minus_1";"-346.663710095688";"0.116309148771128";"0.142150580807152"
"205";"ipa_transliterate_2_exact_match";"ipa_transliterate_2_exact_match ~ 1 + log(FLOPs..1E21.) + TruthfulQA_minus_1";"-340.740760045258";"0.0461834047025925";"0.146830152214714"
"206";"ipa_transliterate_2_exact_match";"ipa_transliterate_2_exact_match ~ 1 + log(FLOPs..1E21.) + GSM8K_minus_1";"-347.999958104717";"0.0723343329092568";"0.129299537552835"
"207";"ipa_transliterate_2_exact_match";"ipa_transliterate_2_exact_match ~ 1 + log(FLOPs..1E21.) + XWinograd_minus_1";"-341.692124379984";"0.329648737100775";"0.145627337132244"
"208";"ipa_transliterate_2_exact_match";"ipa_transliterate_2_exact_match ~ 1 + log(FLOPs..1E21.) + HumanEval_minus_1";"-343.207195249897";"0.0302098797315208";"0.133890141335061"
"209";"ipa_transliterate_2_exact_match";"ipa_transliterate_2_exact_match ~ 1 + log(FLOPs..1E21.) + PC.1_minus_1";"-376.818666002053";"0.0655582692624661";"0.425600194552518"
"210";"ipa_transliterate_2_exact_match";"ipa_transliterate_2_exact_match ~ 1 + log(FLOPs..1E21.) + PC.2_minus_1";"-340.359709339839";"0.28280949563858";"0.157187930073662"
"211";"ipa_transliterate_2_exact_match";"ipa_transliterate_2_exact_match ~ 1 + log(FLOPs..1E21.) + PC.3_minus_1";"-340.612578785652";"0.225150984276257";"0.147940941595365"
"212";"ipa_transliterate_2_exact_match";"ipa_transliterate_2_exact_match ~ 1 + log(FLOPs..1E21.) + PC.4_minus_1";"-341.804708899067";"0.118601650992264";"0.147254486419462"
"213";"ipa_transliterate_2_exact_match";"ipa_transliterate_2_exact_match ~ 1 + log(FLOPs..1E21.) + PC.5_minus_1";"-341.485071121824";"0.144969519098811";"0.156026976003817"
"214";"ipa_transliterate_2_exact_match";"ipa_transliterate_2_exact_match ~ 1 + log(FLOPs..1E21.) + parsinlu_qa_2_acc_minus_1";"-340.716704753883";"0.0130998745773418";"0.140606863572881"
"215";"ipa_transliterate_2_exact_match";"ipa_transliterate_2_exact_match ~ 1 + log(FLOPs..1E21.) + word_unscrambling_2_exact_match_minus_1";"-363.759458368891";"0.143370033954071";"0.539655450477761"
"216";"ipa_transliterate_2_exact_match";"ipa_transliterate_2_exact_match ~ 1 + log(FLOPs..1E21.) + ipa_transliterate_2_exact_match_minus_1";"-364.488015953254";"0.173185436688626";"0.596942981087239"
"217";"ipa_transliterate_2_exact_match";"ipa_transliterate_2_exact_match ~ 1 + log(FLOPs..1E21.) + arithmetic_3ds_2_acc_minus_1";"-381.342563675836";"0.184354846682303";"0.0980707981526642"
"218";"ipa_transliterate_2_exact_match";"ipa_transliterate_2_exact_match ~ 1 + log(FLOPs..1E21.) + arithmetic_3da_2_acc_minus_1";"-365.781152563414";"0.177452570066731";"0.124537968304372"
"219";"ipa_transliterate_2_exact_match";"ipa_transliterate_2_exact_match ~ 1 + log(FLOPs..1E21.) + arithmetic_2dm_2_acc_minus_1";"-365.293762257485";"0.0259143967484337";"0.216272426211606"
"220";"ipa_transliterate_2_exact_match";"ipa_transliterate_2_exact_match ~ 1 + log(FLOPs..1E21.) + arithmetic_2da_2_acc_minus_1";"-346.784311601484";"0.257433067248332";"0.149762291464058"
"221";"word_unscrambling_2_exact_match";"Flops Only";"-274.215551288832";"0.837018655616537";"0.195580464638324"
"222";"word_unscrambling_2_exact_match";"Flops Only + intercept";"-305.497791901093";"0.835761582035628";"0.10225998554679"
"223";"word_unscrambling_2_exact_match";"Flops Only + intercept-slope";NA;NA;NA
"224";"word_unscrambling_2_exact_match";"Flops + n-1";"-281.70214738564";"0.671578529790851";"0.311419469452942"
"225";"word_unscrambling_2_exact_match";"word_unscrambling_2_exact_match ~ 1 + log(FLOPs..1E21.) + (1 | Model.Family) + MMLU_minus_1";"-308.397666553033";"0.87237043138118";"0.0616877920151055"
"226";"word_unscrambling_2_exact_match";"word_unscrambling_2_exact_match ~ 1 + log(FLOPs..1E21.) + (1 | Model.Family) + ARC.C_minus_1";"-304.42889060698";"0.880956793500942";"0.082230117692599"
"227";"word_unscrambling_2_exact_match";"word_unscrambling_2_exact_match ~ 1 + log(FLOPs..1E21.) + (1 | Model.Family) + HellaSwag_minus_1";"-303.586401991628";"0.854133424236366";"0.101469472639429"
"228";"word_unscrambling_2_exact_match";"word_unscrambling_2_exact_match ~ 1 + log(FLOPs..1E21.) + (1 | Model.Family) + Winograd_minus_1";"-303.48662761093";"0.826983463700391";"0.104163624757966"
"229";"word_unscrambling_2_exact_match";"word_unscrambling_2_exact_match ~ 1 + log(FLOPs..1E21.) + (1 | Model.Family) + TruthfulQA_minus_1";"-304.944363946032";"0.911290895412414";"0.0548128449089895"
"230";"word_unscrambling_2_exact_match";"word_unscrambling_2_exact_match ~ 1 + log(FLOPs..1E21.) + (1 | Model.Family) + GSM8K_minus_1";"-321.520668071479";"0.79659112076305";"0.185928395068157"
"231";"word_unscrambling_2_exact_match";"word_unscrambling_2_exact_match ~ 1 + log(FLOPs..1E21.) + (1 | Model.Family) + XWinograd_minus_1";"-303.589809966865";"0.84958522668365";"0.0963866990275338"
"232";"word_unscrambling_2_exact_match";"word_unscrambling_2_exact_match ~ 1 + log(FLOPs..1E21.) + (1 | Model.Family) + HumanEval_minus_1";"-309.524540003731";"0.900868194223294";"0.0524813442571469"
"233";"word_unscrambling_2_exact_match";"word_unscrambling_2_exact_match ~ 1 + log(FLOPs..1E21.) + (1 | Model.Family) + PC.1_minus_1";"-312.315572730037";"0.901573131237917";"0.0673335095144414"
"234";"word_unscrambling_2_exact_match";"word_unscrambling_2_exact_match ~ 1 + log(FLOPs..1E21.) + (1 | Model.Family) + PC.2_minus_1";"-308.537633458034";"0.813351119153685";"0.0836143651813992"
"235";"word_unscrambling_2_exact_match";"word_unscrambling_2_exact_match ~ 1 + log(FLOPs..1E21.) + (1 | Model.Family) + PC.3_minus_1";"-303.546688239152";"0.837093061539745";"0.108849986439762"
"236";"word_unscrambling_2_exact_match";"word_unscrambling_2_exact_match ~ 1 + log(FLOPs..1E21.) + (1 | Model.Family) + PC.4_minus_1";"-303.487053663526";"0.835296001887997";"0.102954741887973"
"237";"word_unscrambling_2_exact_match";"word_unscrambling_2_exact_match ~ 1 + log(FLOPs..1E21.) + (1 | Model.Family) + PC.5_minus_1";"-303.743321133912";"0.831972642246976";"0.10932725574399"
"238";"word_unscrambling_2_exact_match";"word_unscrambling_2_exact_match ~ 1 + log(FLOPs..1E21.) + (1 | Model.Family) + parsinlu_qa_2_acc_minus_1";"-306.728511283951";"0.808800682667176";"0.128798390260747"
"239";"word_unscrambling_2_exact_match";"word_unscrambling_2_exact_match ~ 1 + log(FLOPs..1E21.) + (1 | Model.Family) + word_unscrambling_2_exact_match_minus_1";"-304.448925914194";"0.888896428723021";"0.0665965912959545"
"240";"word_unscrambling_2_exact_match";"word_unscrambling_2_exact_match ~ 1 + log(FLOPs..1E21.) + (1 | Model.Family) + ipa_transliterate_2_exact_match_minus_1";"-304.771938209831";"0.878908617564346";"0.0881657017216929"
"241";"word_unscrambling_2_exact_match";"word_unscrambling_2_exact_match ~ 1 + log(FLOPs..1E21.) + (1 | Model.Family) + arithmetic_3ds_2_acc_minus_1";"-312.686931243846";"0.912428815072571";"0.0711815534969741"
"242";"word_unscrambling_2_exact_match";"word_unscrambling_2_exact_match ~ 1 + log(FLOPs..1E21.) + (1 | Model.Family) + arithmetic_3da_2_acc_minus_1";"-312.575914687187";"0.844048794189782";"0.094945515159763"
"243";"word_unscrambling_2_exact_match";"word_unscrambling_2_exact_match ~ 1 + log(FLOPs..1E21.) + (1 | Model.Family) + arithmetic_2dm_2_acc_minus_1";"-310.681184661546";"0.926221990469056";"0.0427834279938863"
"244";"word_unscrambling_2_exact_match";"word_unscrambling_2_exact_match ~ 1 + log(FLOPs..1E21.) + (1 | Model.Family) + arithmetic_2da_2_acc_minus_1";"-307.673689014481";"0.826983708018436";"0.11076075822848"
"245";"word_unscrambling_2_exact_match";"word_unscrambling_2_exact_match ~ 1 + log(FLOPs..1E21.) + MMLU_minus_1";"-282.601087046078";"0.704854578739731";"0.107503893274244"
"246";"word_unscrambling_2_exact_match";"word_unscrambling_2_exact_match ~ 1 + log(FLOPs..1E21.) + ARC.C_minus_1";"-281.85966785708";"0.669586931602174";"0.142654457774141"
"247";"word_unscrambling_2_exact_match";"word_unscrambling_2_exact_match ~ 1 + log(FLOPs..1E21.) + HellaSwag_minus_1";"-275.013325530744";"0.866994809401491";"0.204170872956181"
"248";"word_unscrambling_2_exact_match";"word_unscrambling_2_exact_match ~ 1 + log(FLOPs..1E21.) + Winograd_minus_1";"-277.650270213732";"0.839371142597357";"0.176275383500648"
"249";"word_unscrambling_2_exact_match";"word_unscrambling_2_exact_match ~ 1 + log(FLOPs..1E21.) + TruthfulQA_minus_1";"-273.614568519449";"0.772837145328955";"0.121224056067789"
"250";"word_unscrambling_2_exact_match";"word_unscrambling_2_exact_match ~ 1 + log(FLOPs..1E21.) + GSM8K_minus_1";"-277.01600753647";"0.655444073240245";"0.103253693589323"
"251";"word_unscrambling_2_exact_match";"word_unscrambling_2_exact_match ~ 1 + log(FLOPs..1E21.) + XWinograd_minus_1";"-272.863737553837";"0.816725739760273";"0.211229729831336"
"252";"word_unscrambling_2_exact_match";"word_unscrambling_2_exact_match ~ 1 + log(FLOPs..1E21.) + HumanEval_minus_1";"-280.625758359221";"0.609636437061274";"0.107100036284172"
"253";"word_unscrambling_2_exact_match";"word_unscrambling_2_exact_match ~ 1 + log(FLOPs..1E21.) + PC.1_minus_1";"-289.691839989095";"0.557931083127354";"0.174321691181805"
"254";"word_unscrambling_2_exact_match";"word_unscrambling_2_exact_match ~ 1 + log(FLOPs..1E21.) + PC.2_minus_1";"-272.220761501466";"0.837417298894226";"0.199873374708397"
"255";"word_unscrambling_2_exact_match";"word_unscrambling_2_exact_match ~ 1 + log(FLOPs..1E21.) + PC.3_minus_1";"-276.675320520942";"0.290246916463521";"0.256591834299039"
"256";"word_unscrambling_2_exact_match";"word_unscrambling_2_exact_match ~ 1 + log(FLOPs..1E21.) + PC.4_minus_1";"-272.817982156272";"0.812857738201861";"0.179242052072945"
"257";"word_unscrambling_2_exact_match";"word_unscrambling_2_exact_match ~ 1 + log(FLOPs..1E21.) + PC.5_minus_1";"-284.976768573162";"0.823160124389002";"0.195915064559587"
"258";"word_unscrambling_2_exact_match";"word_unscrambling_2_exact_match ~ 1 + log(FLOPs..1E21.) + parsinlu_qa_2_acc_minus_1";"-272.244400939092";"0.842174574404976";"0.176527523680502"
"259";"word_unscrambling_2_exact_match";"word_unscrambling_2_exact_match ~ 1 + log(FLOPs..1E21.) + word_unscrambling_2_exact_match_minus_1";"-281.691649734965";"0.671505069997229";"0.311462027214253"
"260";"word_unscrambling_2_exact_match";"word_unscrambling_2_exact_match ~ 1 + log(FLOPs..1E21.) + ipa_transliterate_2_exact_match_minus_1";"-280.279822445317";"0.627546938887707";"0.337973599229414"
"261";"word_unscrambling_2_exact_match";"word_unscrambling_2_exact_match ~ 1 + log(FLOPs..1E21.) + arithmetic_3ds_2_acc_minus_1";"-289.26565535931";"0.82979041350358";"0.115593072005935"
"262";"word_unscrambling_2_exact_match";"word_unscrambling_2_exact_match ~ 1 + log(FLOPs..1E21.) + arithmetic_3da_2_acc_minus_1";"-286.606570772783";"0.75192097999745";"0.152147316649245"
"263";"word_unscrambling_2_exact_match";"word_unscrambling_2_exact_match ~ 1 + log(FLOPs..1E21.) + arithmetic_2dm_2_acc_minus_1";"-286.647831666837";"0.544638849008026";"0.119201988160015"
"264";"word_unscrambling_2_exact_match";"word_unscrambling_2_exact_match ~ 1 + log(FLOPs..1E21.) + arithmetic_2da_2_acc_minus_1";"-282.920362067156";"0.866777993428958";"0.188625582474633"
"265";"parsinlu_qa_2_acc";"Flops Only";"-236.850008587993";"0.846501910561298";"0.115179761154392"
"266";"parsinlu_qa_2_acc";"Flops Only + intercept";"-247.281228667117";"0.130715904610171";"0.109858624810068"
"267";"parsinlu_qa_2_acc";"Flops Only + intercept-slope";"-250.529423271041";"0.118712636549727";"0.101537053194351"
"268";"parsinlu_qa_2_acc";"Flops + n-1";"-247.00136675745";"0.503344482946065";"0.0785343938795737"
"269";"parsinlu_qa_2_acc";"parsinlu_qa_2_acc ~ 1 + log(FLOPs..1E21.) + (1 | Model.Family) + MMLU_minus_1";"-246.465964586913";"0.23993893907784";"0.101596327162799"
"270";"parsinlu_qa_2_acc";"parsinlu_qa_2_acc ~ 1 + log(FLOPs..1E21.) + (1 | Model.Family) + ARC.C_minus_1";"-245.285518109747";"0.130714465296563";"0.109739497291571"
"271";"parsinlu_qa_2_acc";"parsinlu_qa_2_acc ~ 1 + log(FLOPs..1E21.) + (1 | Model.Family) + HellaSwag_minus_1";"-245.384446414114";"0.11450747429199";"0.110153730530378"
"272";"parsinlu_qa_2_acc";"parsinlu_qa_2_acc ~ 1 + log(FLOPs..1E21.) + (1 | Model.Family) + Winograd_minus_1";"-245.432742132464";"0.133316223753197";"0.110383750943411"
"273";"parsinlu_qa_2_acc";"parsinlu_qa_2_acc ~ 1 + log(FLOPs..1E21.) + (1 | Model.Family) + TruthfulQA_minus_1";"-246.71475701416";"0.0153488888608296";"0.118071673222825"
"274";"parsinlu_qa_2_acc";"parsinlu_qa_2_acc ~ 1 + log(FLOPs..1E21.) + (1 | Model.Family) + GSM8K_minus_1";"-253.251777698005";"0.381712431086268";"0.083800273619562"
"275";"parsinlu_qa_2_acc";"parsinlu_qa_2_acc ~ 1 + log(FLOPs..1E21.) + (1 | Model.Family) + XWinograd_minus_1";"-245.584770111901";"0.121538211398215";"0.108790846471446"
"276";"parsinlu_qa_2_acc";"parsinlu_qa_2_acc ~ 1 + log(FLOPs..1E21.) + (1 | Model.Family) + HumanEval_minus_1";"-245.340670534743";"0.139959385763832";"0.108702670097115"
"277";"parsinlu_qa_2_acc";"parsinlu_qa_2_acc ~ 1 + log(FLOPs..1E21.) + (1 | Model.Family) + PC.1_minus_1";"-246.988118195045";"0.189504227496696";"0.101390173640077"
"278";"parsinlu_qa_2_acc";"parsinlu_qa_2_acc ~ 1 + log(FLOPs..1E21.) + (1 | Model.Family) + PC.2_minus_1";"-245.439918041816";"0.16357933183283";"0.108419755456123"
"279";"parsinlu_qa_2_acc";"parsinlu_qa_2_acc ~ 1 + log(FLOPs..1E21.) + (1 | Model.Family) + PC.3_minus_1";"-247.440614618006";"0.302940545369775";"0.103264893183286"
"280";"parsinlu_qa_2_acc";"parsinlu_qa_2_acc ~ 1 + log(FLOPs..1E21.) + (1 | Model.Family) + PC.4_minus_1";"-248.202912909269";"0.0730731059577785";"0.113639219786874"
"281";"parsinlu_qa_2_acc";"parsinlu_qa_2_acc ~ 1 + log(FLOPs..1E21.) + (1 | Model.Family) + PC.5_minus_1";"-246.134653962713";"0.121717106771761";"0.109299797815084"
"282";"parsinlu_qa_2_acc";"parsinlu_qa_2_acc ~ 1 + log(FLOPs..1E21.) + (1 | Model.Family) + parsinlu_qa_2_acc_minus_1";"-247.484504682521";"0.39945760039053";"0.0936998114337098"
"283";"parsinlu_qa_2_acc";"parsinlu_qa_2_acc ~ 1 + log(FLOPs..1E21.) + (1 | Model.Family) + word_unscrambling_2_exact_match_minus_1";"-246.192271314852";"0.14796019092013";"0.130770272927992"
"284";"parsinlu_qa_2_acc";"parsinlu_qa_2_acc ~ 1 + log(FLOPs..1E21.) + (1 | Model.Family) + ipa_transliterate_2_exact_match_minus_1";"-245.89551388421";"0.244930943959556";"0.130583995313219"
"285";"parsinlu_qa_2_acc";"parsinlu_qa_2_acc ~ 1 + log(FLOPs..1E21.) + (1 | Model.Family) + arithmetic_3ds_2_acc_minus_1";"-245.387728410847";"0.124953136589389";"0.109060586603575"
"286";"parsinlu_qa_2_acc";"parsinlu_qa_2_acc ~ 1 + log(FLOPs..1E21.) + (1 | Model.Family) + arithmetic_3da_2_acc_minus_1";"-245.623018190599";"0.124553239830694";"0.109041661003875"
"287";"parsinlu_qa_2_acc";"parsinlu_qa_2_acc ~ 1 + log(FLOPs..1E21.) + (1 | Model.Family) + arithmetic_2dm_2_acc_minus_1";"-246.646450071611";"0.157100887750116";"0.103668080572831"
"288";"parsinlu_qa_2_acc";"parsinlu_qa_2_acc ~ 1 + log(FLOPs..1E21.) + (1 | Model.Family) + arithmetic_2da_2_acc_minus_1";"-245.467910071377";"0.118243172993623";"0.109843409502204"
"289";"parsinlu_qa_2_acc";"parsinlu_qa_2_acc ~ 1 + log(FLOPs..1E21.) + MMLU_minus_1";"-241.197449092232";"0.564646682679036";"0.0928890479044498"
"290";"parsinlu_qa_2_acc";"parsinlu_qa_2_acc ~ 1 + log(FLOPs..1E21.) + ARC.C_minus_1";"-234.85023095578";"0.849335586081183";"0.115230338597675"
"291";"parsinlu_qa_2_acc";"parsinlu_qa_2_acc ~ 1 + log(FLOPs..1E21.) + HellaSwag_minus_1";"-234.860613927234";"0.834900687265013";"0.115222853396121"
"292";"parsinlu_qa_2_acc";"parsinlu_qa_2_acc ~ 1 + log(FLOPs..1E21.) + Winograd_minus_1";"-235.001319696297";"0.879261322598179";"0.115946786439643"
"293";"parsinlu_qa_2_acc";"parsinlu_qa_2_acc ~ 1 + log(FLOPs..1E21.) + TruthfulQA_minus_1";"-235.359013081414";"0.067390472050452";"0.121474548217074"
"294";"parsinlu_qa_2_acc";"parsinlu_qa_2_acc ~ 1 + log(FLOPs..1E21.) + GSM8K_minus_1";"-253.336505716025";"0.464371961676212";"0.0765139283538215"
"295";"parsinlu_qa_2_acc";"parsinlu_qa_2_acc ~ 1 + log(FLOPs..1E21.) + XWinograd_minus_1";"-234.866384549085";"0.860102131109722";"0.115529665288114"
"296";"parsinlu_qa_2_acc";"parsinlu_qa_2_acc ~ 1 + log(FLOPs..1E21.) + HumanEval_minus_1";"-236.550838335331";"0.597267937964487";"0.107353522633468"
"297";"parsinlu_qa_2_acc";"parsinlu_qa_2_acc ~ 1 + log(FLOPs..1E21.) + PC.1_minus_1";"-239.234337075658";"0.53923339508052";"0.0985127584475615"
"298";"parsinlu_qa_2_acc";"parsinlu_qa_2_acc ~ 1 + log(FLOPs..1E21.) + PC.2_minus_1";"-236.218983038271";"0.843406256907512";"0.110770793833804"
"299";"parsinlu_qa_2_acc";"parsinlu_qa_2_acc ~ 1 + log(FLOPs..1E21.) + PC.3_minus_1";"-239.417819743578";"0.724027526560032";"0.102423883435738"
"300";"parsinlu_qa_2_acc";"parsinlu_qa_2_acc ~ 1 + log(FLOPs..1E21.) + PC.4_minus_1";"-237.628143120633";"0.337722659903621";"0.11908681183591"
"301";"parsinlu_qa_2_acc";"parsinlu_qa_2_acc ~ 1 + log(FLOPs..1E21.) + PC.5_minus_1";"-234.853198898973";"0.849620345106944";"0.115177589192254"
"302";"parsinlu_qa_2_acc";"parsinlu_qa_2_acc ~ 1 + log(FLOPs..1E21.) + parsinlu_qa_2_acc_minus_1";"-247.001502528758";"0.50332960698441";"0.0785377747324217"
"303";"parsinlu_qa_2_acc";"parsinlu_qa_2_acc ~ 1 + log(FLOPs..1E21.) + word_unscrambling_2_exact_match_minus_1";"-235.415292373798";"0.460021990341454";"0.133585232089021"
"304";"parsinlu_qa_2_acc";"parsinlu_qa_2_acc ~ 1 + log(FLOPs..1E21.) + ipa_transliterate_2_exact_match_minus_1";"-235.261552564413";"0.556092166911304";"0.134242070206813"
"305";"parsinlu_qa_2_acc";"parsinlu_qa_2_acc ~ 1 + log(FLOPs..1E21.) + arithmetic_3ds_2_acc_minus_1";"-236.122466564499";"0.730581692699092";"0.110837450117554"
"306";"parsinlu_qa_2_acc";"parsinlu_qa_2_acc ~ 1 + log(FLOPs..1E21.) + arithmetic_3da_2_acc_minus_1";"-237.895178995125";"0.719992985770799";"0.110770046477927"
"307";"parsinlu_qa_2_acc";"parsinlu_qa_2_acc ~ 1 + log(FLOPs..1E21.) + arithmetic_2dm_2_acc_minus_1";"-239.63529231668";"0.486755047996427";"0.0998924530967926"
"308";"parsinlu_qa_2_acc";"parsinlu_qa_2_acc ~ 1 + log(FLOPs..1E21.) + arithmetic_2da_2_acc_minus_1";"-236.7891775438";"0.843099007141007";"0.113848140034021"
